section,finding
KPI - Return visits,The simple 'active early AND active late' return rate is 100.0% - essentially universal - because every user in this dataset has at least 3 active days spread across the 60-day window. This makes the 2-period metric uninformative; week-over-week retention (78%-88% across weeks) is the more useful repeat-visit signal.
Segments - device,"Device type barely differentiates behavior: asker rate is ~87-88% and mean quality-answer rate is ~69% across mobile, desktop, and tablet alike (range < 1pp). Device is not a meaningful engagement segment on its own."
Segments - country,"Country shows a real, if moderate, spread: mean questions per user ranges from 3.00 (AU, lowest) to 3.27 (DE, highest), and quality-answer rate ranges from 68.2% to 71.0%."
Segments - engagement tier,"Users in the top activity quartile ask 3.5x more questions than the bottom quartile (5.48 vs 1.57) and have a modestly higher quality-answer rate (70.4% vs 68.1%), suggesting more active users are also somewhat higher-quality contributors, not just higher-volume ones."
Trends,"Daily active users are remarkably flat across the full 60-day window (2899-3360, mean = 3116, SD = 109, range 2899-3360) with no growth, decline, or day-of-week seasonality (weekday means all within ~3% of each other). Only 2 day(s) exceed +/-2 SD, consistent with ordinary sampling noise rather than a real event."
Activity <-> engagement relationship,"Overall platform activity (total_activity_events, which mixes viewing/answering/upvoting) is moderately correlated with how many questions a user asks (r = 0.59), but essentially uncorrelated with the quality of their answers (r = 0.02). In other words, being more active predicts asking MORE, not asking BETTER; question quality depends on other factors (see word-count finding below), not raw activity volume. Account tenure (account_age_at_assignment_days) shows no relationship with total questions asked (r = -0.01) - longer-tenured users are not inherently more active askers."
Question-asking behavior,"Question length is strongly, monotonically related to outcomes: quality-answer rate rises from 55.8% for the shortest questions (1-15 words) to 78.2% for the longest (81+ words), and mean upvotes more than double (4.1 -> 8.3) across the same range. This is the strongest behavioral driver of quality found in this EDA - much stronger than device, country, or overall activity volume."
Unusual pattern investigated,"Raw weekly totals appear to fall sharply in the first and last calendar weeks of the log. Root cause: those weeks are PARTIAL (only 6 and 5 days of data fall inside the 60-day observation window, vs. 7 for interior weeks) - not a genuine drop in engagement. Normalizing to events-per-day (3590.5 interior weeks vs 3583.7/3586.6 for the partial edge weeks) confirms daily intensity is essentially flat; the apparent dip is a calendar-boundary artifact and should be excluded from any 'declining engagement' narrative."
Unusual pattern investigated,"12.7% of users (1529 of 12000) never ask a single question despite ALL of them having recorded activity (min 3 active days each). They are not simply 'inactive' - they average 14.7 activity events (mostly viewing/upvoting) vs 18.4 for askers. Root cause is behavioral segmentation, not a data or tracking gap: a consistent 'browser/voter' segment exists that consumes and reacts to content but does not post. This is a distinct segment worth targeting separately from churn risk."
